SERVICE,LATITUDE,LONGITUDE,STUCT_HT_T,PERCENT
PCS,43.654,-79.4062,106,0.19
CELL,43.6541,-79.3803,119,0.22
AWS,43.6542,-79.38,91,0.17
AWS,43.6544,-79.4236,120,0.22
AWS,43.6544,-79.4228,124,0.23
AWS,43.6544,-79.3806,94,0.17
AWS,43.6544,-79.3758,110.6,0.2
MBS,43.6544,-79.3589,93,0.17
FCFS38,43.6545,-79.4235,119,0.22
PCS,43.6546,-79.3787,86,0.16
PCS,43.6547,-79.3828,94,0.17
AWS,43.6547,-79.3469,97,0.18
MBS,43.655,-79.4147,127.7,0.23
FCFS38,43.655,-79.388,136,0.25
AWS,43.655,-79.3856,141,0.26
PCS,43.6551,-79.388,125,0.23
MBS,43.6551,-79.388,133,0.24
MBS,43.6551,-79.388,135,0.25
AWS,43.6552,-79.3586,90,0.17
AWS,43.6553,-79.4147,131,0.24
PCS,43.6553,-79.4147,133,0.24
AWS,43.6553,-79.3878,148,0.27
FCFS38,43.6555,-79.4556,128,0.23
AWS,43.6556,-79.4583,130,0.24
AWS,43.6556,-79.415,136,0.25
AWS,43.6556,-79.4092,129,0.24
AWS,43.6556,-79.3881,137,0.25
BWA24,43.6556,-79.37,139,0.26
PCS,43.6557,-79.4585,134,0.25
PCS,43.6557,-79.3846,98,0.18
PCS,43.6557,-79.3809,96,0.18
FCFS38,43.6557,-79.3695,133,0.24
AWS,43.6558,-79.3919,135.1,0.25
AWS,43.6558,-79.3839,110.9,0.2
AWS,43.6558,-79.3792,143,0.26
AWS,43.6558,-79.3783,153,0.28
PCS,43.6558,-79.3783,155,0.28
AWS,43.6559,-79.4093,129,0.24
PCS,43.6559,-79.4093,131,0.24
AWS,43.6559,-79.3841,115,0.21
MBS,43.6559,-79.3841,116,0.21
MBS,43.6559,-79.3841,117,0.21
PCS,43.6559,-79.3841,165,0.3
PCS,43.6559,-79.3841,165,0.3
CELL,43.6559,-79.3841,171,0.31
PCS,43.656,-79.3849,98,0.18
AWS,43.6561,-79.3914,144,0.26
BWA24,43.6561,-79.3589,62,0.11
AWS,43.6561,-79.3361,86.9,0.16
PCS,43.6562,-79.3803,111,0.2
AWS,43.6563,-79.3807,98,0.18
PCS,43.6564,-79.3826,106,0.19
BWA24,43.6564,-79.3819,102,0.19
AWS,43.6564,-79.3758,139,0.26
AWS,43.6564,-79.3744,128.5,0.24
FWA,43.6564,-79.3656,137,0.25
WCS,43.6564,-79.3656,137.1,0.25
AWS,43.6564,-79.3656,138.8,0.25
AWS,43.6564,-79.3654,130,0.24
CELL,43.6564,-79.3654,130,0.24
MBS,43.6564,-79.3654,131,0.24
MBS,43.6566,-79.4672,176,0.32
AWS,43.6566,-79.4672,178,0.33
PCS,43.6566,-79.3806,96,0.18
FCFS38,43.6566,-79.3805,141,0.26
AWS,43.6567,-79.4672,178,0.33
AWS,43.6567,-79.3811,119,0.22
AWS,43.6567,-79.3656,130,0.24
BWA24,43.6569,-79.4031,96,0.18
AWS,43.6569,-79.4017,126,0.23
AWS,43.6569,-79.3591,163,0.3
FCFS38,43.6569,-79.3469,98,0.18
AWS,43.6569,-79.3468,100,0.18
PCS,43.657,-79.3811,107,0.2
AWS,43.657,-79.3811,109,0.2
PCS,43.6571,-79.4352,112,0.21
AWS,43.6572,-79.4642,185,0.34
AWS,43.6572,-79.4494,134.7,0.25
AWS,43.6572,-79.3903,174,0.32
CELL,43.6572,-79.3872,274,0.5
BWA24,43.6572,-79.345,52,0.1
AWS,43.6573,-79.3905,101,0.19
AWS,43.6575,-79.4033,126.3,0.23
AWS,43.6575,-79.3833,188,0.34
AWS,43.6578,-79.4881,143,0.26
PCS,43.6578,-79.4461,138,0.25
AWS,43.6578,-79.4461,140,0.26
MBS,43.6578,-79.4461,147,0.27
AWS,43.6578,-79.3889,99,0.18
AWS,43.6578,-79.3756,93,0.17
AWS,43.6578,-79.37,153,0.28
FCFS38,43.6579,-79.4883,145,0.27
AWS,43.6581,-79.4881,139,0.26
AWS,43.6581,-79.4461,145,0.27
AWS,43.6581,-79.3906,385,0.71
AWS,43.6581,-79.3889,149.5,0.27
PCS,43.6581,-79.3497,88,0.16
AWS,43.6583,-79.3989,155.7,0.29
FCFS38,43.6584,-79.399,152,0.28
AWS,43.6584,-79.3901,103,0.19
AWS,43.6585,-79.372,122,0.22
PCS,43.6585,-79.372,124,0.23
PCS,43.6586,-79.399,153,0.28
MBS,43.6586,-79.399,155,0.28
PCS,43.6586,-79.399,157,0.29
AWS,43.6586,-79.3986,150,0.28
AWS,43.6589,-79.4297,165,0.3
AWS,43.6589,-79.3783,126.5,0.23
AWS,43.6591,-79.3821,93,0.17
AWS,43.6592,-79.3897,104,0.19
AWS,43.6592,-79.3764,138,0.25
AWS,43.6592,-79.3717,131.1,0.24
BWA24,43.6594,-79.3536,70,0.13
AWS,43.6597,-79.4361,154,0.28
AWS,43.6597,-79.4361,155.3,0.28
AWS,43.6599,-79.3887,106,0.19
PCS,43.66,-79.4302,151,0.28
AWS,43.66,-79.3953,130,0.24
AWS,43.66,-79.3831,205.2,0.38
PCS,43.66,-79.3792,133,0.24
PCS,43.6601,-79.4363,150,0.28
PCS,43.6601,-79.4363,162,0.3
PCS,43.6601,-79.393,148,0.27
MBS,43.6601,-79.393,175,0.32
AWS,43.6603,-79.3861,136.5,0.25
AWS,43.6603,-79.3292,91.3,0.17
PCS,43.6603,-79.3291,94,0.17
AWS,43.6603,-79.3291,95,0.17
MBS,43.6603,-79.3291,97,0.18
CELL,43.6603,-79.3291,97,0.18
BWA24,43.6606,-79.3856,224,0.41
AWS,43.6606,-79.3825,157,0.29
MBS,43.6612,-79.3869,147,0.27
RAC,43.6614,-79.5128,111,0.2
AWS,43.6614,-79.3867,106,0.19
MBS,43.6614,-79.3835,118,0.22
PCS,43.6614,-79.3835,120,0.22
AWS,43.6617,-79.3874,212,0.39
AWS,43.6617,-79.3861,142,0.26
BWA24,43.6617,-79.3828,10,0.02
AWS,43.6617,-79.3828,156.4,0.29
MBS,43.6617,-79.3397,102,0.19
PCS,43.6617,-79.3397,104,0.19
AWS,43.6617,-79.3397,106,0.19
WCS,43.6618,-79.3828,162,0.3
PCS,43.662,-79.3216,94,0.17
CELL,43.6622,-79.3831,107,0.2
AWS,43.6622,-79.3786,128,0.23
PCS,43.6623,-79.4814,142,0.26
PCS,43.6623,-79.4814,144,0.26
AWS,43.6623,-79.4814,145,0.27
AWS,43.6623,-79.3788,135,0.25
MBS,43.6623,-79.3788,138,0.25
PCS,43.6623,-79.3653,119,0.22
AWS,43.6623,-79.3653,121,0.22
AWS,43.6625,-79.4214,125,0.23
CELL,43.6625,-79.3889,139,0.26
AWS,43.6625,-79.3769,127,0.23
AWS,43.6625,-79.3653,110.8,0.2
AWS,43.6625,-79.3329,84,0.15
FCFS38,43.6625,-79.3329,99,0.18
FCFS38,43.6627,-79.4215,127,0.23
PCS,43.6628,-79.4214,129,0.24
AWS,43.6628,-79.4214,130,0.24
AWS,43.6628,-79.3886,154.6,0.28
WBS,43.6628,-79.3575,166,0.3
FCFS38,43.663,-79.3577,165,0.3
AWS,43.6631,-79.3989,140.9,0.26
PCS,43.6631,-79.3581,160,0.29
AWS,43.6631,-79.3581,162,0.3
PCS,43.6631,-79.3581,164,0.3
AWS,43.6631,-79.3578,119,0.22
AWS,43.6631,-79.3575,163,0.3
AWS,43.6631,-79.3406,112,0.21
AWS,43.6633,-79.3738,132,0.24
MBS,43.6633,-79.3738,134,0.25
AWS,43.6633,-79.3403,113,0.21
AWS,43.6636,-79.4106,135.2,0.25
RAC,43.6639,-79.5103,113,0.21
RAC,43.6639,-79.4569,122,0.22
BRS,43.6642,-79.4561,133.6,0.25
PCS,43.6644,-79.3995,162,0.3
MBS,43.6644,-79.3995,167,0.31
AWS,43.6644,-79.3875,177.4,0.33
AWS,43.6644,-79.3722,146,0.27
AWS,43.6645,-79.3993,113,0.21
AWS,43.6646,-79.3876,170,0.31
PCS,43.6646,-79.3876,172,0.32
AWS,43.6647,-79.3878,183,0.34
BWA24,43.6647,-79.3772,113,0.21
AWS,43.6649,-79.3552,170,0.31
AWS,43.665,-79.4992,147,0.27
FCFS38,43.665,-79.4991,141,0.26
PCS,43.665,-79.4986,146,0.27
AWS,43.665,-79.4986,148,0.27
AWS,43.665,-79.4983,144.2,0.26
AWS,43.665,-79.3986,162,0.3
AWS,43.665,-79.3842,153.6,0.28
FCFS38,43.6653,-79.4788,142,0.26
AWS,43.6653,-79.4786,139,0.26
PCS,43.6653,-79.3986,223,0.41
BWA24,43.6653,-79.3447,148,0.27
AWS,43.6653,-79.3175,98.6,0.18
AWS,43.6655,-79.4116,136,0.25
MBS,43.6655,-79.4116,138,0.25
RAC,43.6656,-79.5019,122,0.22
RAC,43.6656,-79.4492,123,0.23
MBS,43.6656,-79.3181,105,0.19
PCS,43.6656,-79.3181,106,0.19
CELL,43.6656,-79.3181,107,0.2
AWS,43.6656,-79.3181,109,0.2
MBS,43.6656,-79.3181,110,0.2
AWS,43.6658,-79.3839,176,0.32
AWS,43.6658,-79.38,149.8,0.27
FCFS38,43.6658,-79.3787,153,0.28
AWS,43.6658,-79.3786,157,0.29
AWS,43.6658,-79.3783,151,0.28
MBS,43.6658,-79.3783,153,0.28
PCS,43.6658,-79.3783,156,0.29
AWS,43.6658,-79.3158,101,0.19
FCFS38,43.666,-79.3787,159,0.29
AWS,43.6664,-79.4856,150,0.28
RAC,43.6667,-79.4644,122,0.22
RAC,43.6667,-79.4558,123,0.23
AWS,43.6667,-79.405,167,0.31
PCS,43.6667,-79.405,169,0.31
PCS,43.6667,-79.405,171,0.31
RAC,43.6669,-79.4603,123,0.23
AWS,43.6669,-79.4061,170,0.31
AWS,43.6669,-79.3742,134,0.25
WCS,43.667,-79.4063,172.5,0.32
FWA,43.667,-79.4063,173,0.32
FCFS38,43.667,-79.4062,164,0.3
FCFS38,43.667,-79.4062,169,0.31
RAC,43.6672,-79.4839,129,0.24
RAC,43.6672,-79.4839,136,0.25
RAC,43.6672,-79.4839,195,0.36
RAC,43.6672,-79.4836,163,0.3
AWS,43.6672,-79.4464,179,0.33
AWS,43.6672,-79.4456,175,0.32
AWS,43.6672,-79.4011,165,0.3
AWS,43.6672,-79.3906,134.5,0.25
FCFS38,43.6672,-79.3841,157,0.29
FCFS38,43.6673,-79.4457,170,0.31
MBS,43.6674,-79.4468,182,0.33
AWS,43.6674,-79.4468,184,0.34
PCS,43.6674,-79.4468,190,0.35
MBS,43.6674,-79.3728,148,0.27
PCS,43.6674,-79.3728,150,0.28
RAC,43.6675,-79.4836,165.7,0.3
MBS,43.6675,-79.4658,155,0.28
PCS,43.6675,-79.4658,156,0.29
RAC,43.6675,-79.4658,160,0.29
AWS,43.6675,-79.3944,144,0.26
PCS,43.6675,-79.3855,127,0.23
PCS,43.6676,-79.3945,144,0.26
PCS,43.6678,-79.4844,128,0.23
AWS,43.6678,-79.4658,168,0.31
BWA24,43.6678,-79.4008,179,0.33
AWS,43.6678,-79.3962,220,0.4
FCFS38,43.668,-79.4633,135,0.25
AWS,43.668,-79.395,113,0.21
AWS,43.6681,-79.4125,154,0.28
AWS,43.6683,-79.4678,142,0.26
AWS,43.6683,-79.4128,141,0.26
BWA24,43.6683,-79.3997,121,0.22
BWA24,43.6683,-79.39,10,0.02
AWS,43.6683,-79.3806,144.5,0.27
AWS,43.6685,-79.3705,195,0.36
MBS,43.6685,-79.3705,196,0.36
PCS,43.6685,-79.3705,197,0.36
AWS,43.6686,-79.3958,149,0.27
AWS,43.6686,-79.3894,180,0.33
AWS,43.6686,-79.3894,183,0.34
AWS,43.6686,-79.3853,149,0.27
AWS,43.6689,-79.3736,180,0.33
AWS,43.6689,-79.3717,195.6,0.36
AWS,43.6689,-79.3431,116,0.21
AWS,43.6692,-79.4372,149,0.27
AWS,43.6694,-79.3986,168.6,0.31
CELL,43.6694,-79.3883,111,0.2
AWS,43.6694,-79.3406,122,0.22
PCS,43.6694,-79.3406,123,0.23
PCS,43.6694,-79.3406,134,0.25
PCS,43.6695,-79.3012,96,0.18
AWS,43.6695,-79.3012,97,0.18
PCS,43.6695,-79.3012,98,0.18
AWS,43.6697,-79.3897,168,0.31
PCS,43.6697,-79.3883,113,0.21
AWS,43.6697,-79.3792,165,0.3
AWS,43.6697,-79.3742,178.2,0.33
FCFS38,43.6698,-79.3902,167,0.31
AWS,43.6698,-79.3887,120,0.22
RAC,43.67,-79.4617,113,0.21
AWS,43.67,-79.4006,139.2,0.26
PCS,43.67,-79.39,148,0.27
PCS,43.67,-79.39,157,0.29
MBS,43.67,-79.39,159,0.29
AWS,43.67,-79.3889,110,0.2
AWS,43.67,-79.3792,115,0.21
PCS,43.67,-79.2864,91,0.17
AWS,43.6703,-79.4286,135.6,0.25
AWS,43.6703,-79.3878,132,0.24
AWS,43.6703,-79.3839,168,0.31
PCS,43.6703,-79.36,92.5,0.17
AWS,43.6703,-79.2989,93,0.17
AWS,43.6705,-79.3745,176,0.32
PCS,43.6705,-79.3745,178,0.33
AWS,43.6706,-79.4539,155,0.28
AWS,43.6706,-79.4539,155,0.28
AWS,43.6706,-79.3864,202,0.37
AWS,43.6706,-79.3863,127,0.23
CELL,43.6706,-79.3792,146,0.27
AWS,43.6706,-79.2975,105,0.19
AWS,43.6708,-79.4536,157.2,0.29
MBS,43.6708,-79.3866,143,0.26
BRS,43.6708,-79.3866,144,0.26
PCS,43.6708,-79.3866,146,0.27
CELL,43.6708,-79.3842,110,0.2
AWS,43.6708,-79.3827,109,0.2
FWA,43.6709,-79.4538,159,0.29
WCS,43.6709,-79.4538,159.1,0.29
PCS,43.6709,-79.3826,234,0.43
PCS,43.671,-79.3931,121,0.22
PCS,43.671,-79.3839,123,0.23
AWS,43.6711,-79.3808,184,0.34
PCS,43.6711,-79.3807,195,0.36
AWS,43.6711,-79.3797,118,0.22
AWS,43.6711,-79.3797,132,0.24
AWS,43.6711,-79.3714,153,0.28
PCS,43.6713,-79.2935,25,0.05
CELL,43.6714,-79.38,111,0.2
AWS,43.6714,-79.3261,101.2,0.19
AWS,43.6715,-79.3853,111,0.2
MBS,43.6715,-79.3786,197,0.36
AWS,43.6715,-79.3786,199,0.37
AWS,43.6717,-79.395,170,0.31
PCS,43.6717,-79.3946,120,0.22
AWS,43.6717,-79.385,166.7,0.31
BWA24,43.6717,-79.3778,545,1
PCS,43.6718,-79.3779,189,0.35
FCFS38,43.6719,-79.4268,137,0.25
AWS,43.6719,-79.3853,162,0.3
AWS,43.6719,-79.3812,3,0.01
AWS,43.6722,-79.4142,140,0.26
MBS,43.6722,-79.4142,142,0.26
AWS,43.6722,-79.3826,3,0.01
WCS,43.6722,-79.3789,138.5,0.25
FWA,43.6722,-79.3789,139,0.26
AWS,43.6722,-79.3786,144.9,0.27
MBS,43.6724,-79.2878,106,0.19
PCS,43.6724,-79.2878,107,0.2
AWS,43.6725,-79.3544,117.7,0.22
AWS,43.6725,-79.3222,106,0.19
AWS,43.6725,-79.3222,109,0.2
AWS,43.6725,-79.2875,104.3,0.19
AWS,43.6728,-79.4228,151,0.28
AWS,43.6731,-79.4231,153,0.28
AWS,43.6731,-79.4025,152,0.28
AWS,43.6731,-79.3953,147,0.27
PCS,43.6731,-79.3885,139,0.26
CELL,43.6731,-79.3885,139,0.26
MBS,43.6733,-79.4223,153,0.28
BRS,43.6733,-79.4223,155,0.28
PCS,43.6733,-79.4223,158,0.29
AWS,43.6733,-79.402,69,0.13
MBS,43.6733,-79.402,70,0.13
PCS,43.6733,-79.402,71,0.13
AWS,43.6736,-79.4631,136,0.25
AWS,43.6736,-79.4028,144.5,0.27
AWS,43.6739,-79.4942,154.3,0.28
PCS,43.6739,-79.3199,118,0.22
AWS,43.6739,-79.3199,120,0.22
AWS,43.6742,-79.3397,140,0.26
AWS,43.6742,-79.3397,150.3,0.28
RAC,43.6742,-79.3236,99,0.18
FCFS38,43.6743,-79.3395,128,0.23
RAC,43.6744,-79.4125,123,0.23
BWA24,43.6744,-79.3817,110,0.2
AWS,43.6744,-79.3083,113.5,0.21
AWS,43.6746,-79.3086,111,0.2
PCS,43.6746,-79.3086,113,0.21
AWS,43.6747,-79.4311,136.4,0.25
CELL,43.6747,-79.3961,136,0.25
RAC,43.6747,-79.33,115,0.21
RAC,43.6747,-79.3297,106,0.19
AWS,43.6748,-79.3982,183,0.34
PCS,43.6748,-79.3982,186,0.34
PCS,43.6748,-79.3982,195,0.36
AWS,43.675,-79.2783,126,0.23
PCS,43.675,-79.2783,128,0.23
AWS,43.675,-79.2783,132.9,0.24
AWS,43.6753,-79.4331,165,0.3
AWS,43.6753,-79.3883,138.5,0.25
AWS,43.6753,-79.2786,131,0.24
FCFS38,43.6754,-79.3885,148,0.27
AWS,43.6755,-79.4333,160,0.29
MBS,43.6755,-79.4333,162,0.3
PCS,43.6755,-79.4333,167,0.31
BWA24,43.6756,-79.4017,129,0.24
MBS,43.6757,-79.4106,153,0.28
AWS,43.6757,-79.3928,170,0.31
PCS,43.6757,-79.3928,172,0.32
PCS,43.6757,-79.3928,173,0.32
AWS,43.6758,-79.3936,179,0.33
AWS,43.676,-79.4109,133,0.24
AWS,43.6761,-79.4106,150,0.28
AWS,43.6763,-79.3595,135,0.25
PCS,43.6763,-79.3595,136,0.25
PCS,43.6763,-79.3595,137,0.25
FCFS38,43.6764,-79.3595,136,0.25
AWS,43.6764,-79.3594,139,0.26
AWS,43.6772,-79.445,166,0.3
BWA24,43.6772,-79.3889,51,0.09
AWS,43.6772,-79.3606,173.9,0.32
FCFS38,43.6775,-79.4449,162,0.3
AWS,43.6775,-79.4431,157,0.29
AWS,43.6775,-79.4156,164.9,0.3
AWS,43.6778,-79.4458,167,0.31
PCS,43.6778,-79.4458,171,0.31
MBS,43.6778,-79.4458,173,0.32
PCS,43.6778,-79.3498,124,0.23
PCS,43.6778,-79.3298,49,0.09
MBS,43.678,-79.3608,140,0.26
AWS,43.678,-79.3608,144,0.26
AWS,43.6781,-79.3608,176.1,0.32
AWS,43.6783,-79.4961,156,0.29
MBS,43.6783,-79.4961,158,0.29
AWS,43.6783,-79.4961,162,0.3
AWS,43.6783,-79.4817,146,0.27
AWS,43.6783,-79.2989,152,0.28
PCS,43.6784,-79.4819,155,0.28
MBS,43.6784,-79.4819,157,0.29
FCFS38,43.6785,-79.299,146,0.27
AWS,43.6786,-79.2994,140.5,0.26
AWS,43.6789,-79.3447,129,0.24
AWS,43.6789,-79.3447,129,0.24
AWS,43.6792,-79.3426,135,0.25
MBS,43.6792,-79.3426,136,0.25
PCS,43.6792,-79.3426,137,0.25
PCS,43.6792,-79.3426,140,0.26
AWS,43.6794,-79.4347,166.8,0.31
AWS,43.6794,-79.3219,136,0.25
AWS,43.6794,-79.3217,135.5,0.25
FCFS38,43.6796,-79.3217,132,0.24
FCFS38,43.6796,-79.3217,133,0.24
CELL,43.6799,-79.2975,125,0.23
PCS,43.6799,-79.2975,127,0.23
PCS,43.6803,-79.4355,205,0.38
CELL,43.6803,-79.4355,205,0.38
MBS,43.6803,-79.4355,207,0.38
PCS,43.6803,-79.4355,223,0.41
AWS,43.6803,-79.31,143,0.26
PCS,43.6805,-79.3103,141,0.26
AWS,43.6808,-79.4281,176.2,0.32
AWS,43.6808,-79.4281,186,0.34
AWS,43.6811,-79.2834,176,0.32
PCS,43.6811,-79.2834,178,0.33
PCS,43.6811,-79.2834,180,0.33
AWS,43.6814,-79.2831,175.4,0.32
AWS,43.6817,-79.3908,148,0.27
PCS,43.6817,-79.3341,158,0.29
CELL,43.6817,-79.3341,159,0.29
PCS,43.6817,-79.3341,160,0.29
AWS,43.6817,-79.3341,161,0.3
AWS,43.6817,-79.3339,154.2,0.28
PCS,43.6819,-79.4725,148,0.27
CELL,43.6819,-79.4725,149,0.27
AWS,43.6819,-79.4725,150,0.28
AWS,43.6819,-79.4725,151,0.28
AWS,43.6819,-79.3997,161.1,0.3
AWS,43.6819,-79.3917,141,0.26
MBS,43.6819,-79.3917,143,0.26
AWS,43.6819,-79.3342,159,0.29
AWS,43.6822,-79.4717,150,0.28
AWS,43.6822,-79.4183,219,0.4
PCS,43.6822,-79.4183,221,0.41
FCFS38,43.6824,-79.4727,154,0.28
WBS,43.6825,-79.4992,237,0.43
AWS,43.6831,-79.4372,172,0.32
AWS,43.6831,-79.3228,134.7,0.25
RAC,43.6831,-79.3089,145,0.27
AWS,43.6833,-79.3228,124,0.23
PCS,43.6833,-79.3228,142,0.26
MBS,43.6834,-79.3996,162,0.3
AWS,43.6839,-79.4125,218.3,0.4
PCS,43.6842,-79.4533,165,0.3
AWS,43.6842,-79.3839,150.4,0.28
PCS,43.6842,-79.3724,138,0.25
PCS,43.6844,-79.3844,125,0.23
MBS,43.6844,-79.3844,127,0.23
MBS,43.6844,-79.3844,127,0.23
AWS,43.6844,-79.3495,124,0.23
AWS,43.6844,-79.2953,148.6,0.27
AWS,43.6845,-79.2993,124,0.23
AWS,43.6847,-79.5128,175.9,0.32
AWS,43.6847,-79.2956,155,0.28
FCFS38,43.6849,-79.4108,183,0.34
CELL,43.685,-79.5131,170,0.31
PCS,43.685,-79.5131,173,0.32
PCS,43.685,-79.5131,176,0.32
AWS,43.6853,-79.4456,163.7,0.3
PCS,43.6854,-79.3145,131,0.24
AWS,43.6856,-79.4917,169.1,0.31
AWS,43.6856,-79.4039,185.5,0.34
AWS,43.6857,-79.4041,185,0.34
PCS,43.6857,-79.4041,187,0.34
AWS,43.6858,-79.3925,163.4,0.3
PCS,43.6861,-79.4014,438,0.8
AWS,43.6861,-79.3931,165,0.3
FCFS38,43.6861,-79.3926,170,0.31
AWS,43.6864,-79.4464,180,0.33
AWS,43.6864,-79.4206,221.8,0.41
AWS,43.6864,-79.4136,212,0.39
AWS,43.6864,-79.375,139,0.26
AWS,43.6864,-79.3744,143.5,0.26
PCS,43.6867,-79.3103,18,0.03
PCS,43.6869,-79.4135,209,0.38
MBS,43.6869,-79.4135,211,0.39
PCS,43.6869,-79.3611,117,0.21
AWS,43.6869,-79.3611,119,0.22
AWS,43.6869,-79.3133,145,0.27
AWS,43.6872,-79.2719,139.9,0.26
BRS,43.6874,-79.272,134,0.25
PCS,43.6874,-79.272,136,0.25
RAC,43.6875,-79.3872,202,0.37
WBS,43.6876,-79.3008,241,0.44
AWS,43.6878,-79.425,181,0.33
AWS,43.6881,-79.3978,198.9,0.36
BWA24,43.6881,-79.3953,152,0.28
AWS,43.6881,-79.3944,232,0.43
BWA24,43.6881,-79.3931,149,0.27
AWS,43.6881,-79.3508,169.6,0.31
WCS,43.6881,-79.3016,188,0.34
PCS,43.6881,-79.3016,208,0.38
PCS,43.6881,-79.3016,210,0.39
AWS,43.6881,-79.3003,253,0.46
AWS,43.6883,-79.5033,184,0.34
AWS,43.6883,-79.3136,151.4,0.28
PCS,43.6884,-79.3935,198,0.36
AWS,43.6884,-79.3935,200,0.37
AWS,43.6885,-79.4124,163,0.3
PCS,43.6889,-79.4911,154,0.28
MBS,43.6889,-79.4911,156,0.29
AWS,43.6889,-79.3544,163,0.3
AWS,43.6889,-79.3544,163,0.3
PCS,43.6889,-79.3544,166,0.3
PCS,43.6891,-79.4358,187,0.34
AWS,43.6891,-79.4358,190,0.35
AWS,43.6894,-79.4919,160,0.29
AWS,43.6894,-79.4131,176.1,0.32
AWS,43.6894,-79.3858,154.8,0.28
AWS,43.6894,-79.3417,148.5,0.27
AWS,43.6894,-79.3242,151.5,0.28
FCFS38,43.6895,-79.386,168,0.31
FCFS38,43.6896,-79.3419,155,0.28
AWS,43.6897,-79.3419,147,0.27
PCS,43.6898,-79.3258,32,0.06
PCS,43.69,-79.4642,198,0.36
BRS,43.69,-79.4642,199,0.37
MBS,43.69,-79.4642,201,0.37
FCFS38,43.69,-79.4353,177,0.32
AWS,43.69,-79.4353,186,0.34
AWS,43.69,-79.4353,187,0.34
FCFS38,43.6901,-79.325,156,0.29
MBS,43.6902,-79.3463,152,0.28
PCS,43.6902,-79.3463,153,0.28
PCS,43.6902,-79.3463,155,0.28
PCS,43.6903,-79.4022,151,0.28
AWS,43.6903,-79.383,170,0.31
PCS,43.6903,-79.383,172,0.32
PCS,43.6903,-79.383,175,0.32
AWS,43.6903,-79.3828,163.3,0.3
CELL,43.6903,-79.325,127,0.23
FCFS38,43.6904,-79.3506,151,0.28
AWS,43.6906,-79.4092,179.8,0.33
AWS,43.6906,-79.4019,217,0.4
AWS,43.6906,-79.3503,157,0.29
AWS,43.6906,-79.3253,161,0.3
BWA24,43.6919,-79.4878,131,0.24
AWS,43.6919,-79.4686,215,0.39
AWS,43.6919,-79.4681,214.5,0.39
AWS,43.6926,-79.3164,133,0.24
PCS,43.6926,-79.3164,135,0.25
PCS,43.6928,-79.3342,20,0.04
CELL,43.6933,-79.4033,312,0.57
AWS,43.6936,-79.2786,157.9,0.29
AWS,43.6936,-79.2747,163,0.3
RAC,43.6942,-79.3492,118,0.22
PCS,43.6942,-79.2778,160,0.29
AWS,43.6942,-79.2778,162,0.3
AWS,43.6944,-79.4231,192.7,0.35
BWA24,43.695,-79.4894,131,0.24
RAC,43.695,-79.3594,85,0.16
AWS,43.695,-79.2906,146.2,0.27
PCS,43.6956,-79.4507,218,0.4
PCS,43.6956,-79.4507,221,0.41
AWS,43.6956,-79.4483,224,0.41
FCFS38,43.6956,-79.3985,199,0.37
FCFS38,43.6956,-79.3985,201,0.37
AWS,43.6956,-79.3983,202,0.37
AWS,43.6956,-79.3972,197,0.36
AWS,43.6958,-79.4486,219,0.4
AWS,43.6958,-79.3028,172,0.32
PCS,43.6964,-79.3941,159,0.29
MBS,43.6964,-79.372,165,0.3
AWS,43.6964,-79.372,167,0.31
AWS,43.6964,-79.3719,163.9,0.3
AWS,43.6964,-79.2747,149.6,0.27
AWS,43.6967,-79.2878,189,0.35
BRS,43.6968,-79.287,185,0.34
PCS,43.6968,-79.287,187,0.34
AWS,43.6969,-79.4031,182.7,0.34
RAC,43.6969,-79.3619,132,0.24
BWA24,43.6972,-79.4608,177,0.32
AWS,43.6975,-79.4247,199,0.37
AWS,43.6975,-79.3717,164,0.3
AWS,43.6976,-79.4245,195,0.36
PCS,43.6976,-79.4245,197,0.36
AWS,43.6978,-79.4764,172.5,0.32
FCFS38,43.6978,-79.3856,177,0.32
AWS,43.6978,-79.3856,178.6,0.33
BRS,43.6979,-79.4997,178,0.33
PCS,43.6979,-79.4997,179,0.33
CELL,43.698,-79.4764,163,0.3
MBS,43.698,-79.4764,165,0.3
MBS,43.6981,-79.5008,173.2,0.32
AWS,43.6981,-79.5008,178,0.33
AWS,43.6983,-79.4889,180,0.33
AWS,43.6983,-79.3869,179,0.33
CELL,43.6983,-79.3867,174,0.32
PCS,43.6983,-79.3867,175,0.32
BRS,43.6983,-79.3867,176,0.32
AWS,43.6983,-79.3114,139,0.26
MBS,43.6986,-79.3919,218.5,0.4
PCS,43.6989,-79.3969,172,0.32
CELL,43.6989,-79.3969,176,0.32
MBS,43.6989,-79.3969,178,0.33
AWS,43.6989,-79.2556,189,0.35
AWS,43.6992,-79.2547,183.7,0.34
CELL,43.6994,-79.277,208,0.38
PCS,43.6994,-79.277,217,0.4
PCS,43.6994,-79.2544,179,0.33
AWS,43.6994,-79.2544,191,0.35
PCS,43.6994,-79.2544,193,0.35
PCS,43.6998,-79.3191,138,0.25
PCS,43.6998,-79.3191,140,0.26
BRS,43.6998,-79.3191,142,0.26
FCFS38,43.7002,-79.2978,160,0.29
AWS,43.7003,-79.2978,161,0.3
AWS,43.7006,-79.3428,194,0.36
PCS,43.7008,-79.4597,253,0.46
BRS,43.7008,-79.4596,214,0.39
CELL,43.7008,-79.4596,216,0.4
AWS,43.7008,-79.4596,219,0.4
AWS,43.7008,-79.3428,198,0.36
BWA24,43.7011,-79.5083,131,0.24
FCFS38,43.7011,-79.4507,190,0.35
AWS,43.7011,-79.3975,167.1,0.31
RAC,43.7014,-79.3592,126,0.23
RAC,43.7018,-79.3591,139,0.26
AWS,43.7019,-79.4417,218,0.4
MBS,43.7019,-79.4194,188.8,0.35
AWS,43.7019,-79.3558,212.4,0.39
BRS,43.7019,-79.3358,112,0.21
FCFS38,43.7021,-79.4193,201,0.37
PCS,43.7022,-79.3565,195,0.36
AWS,43.7022,-79.3565,197,0.36
BRS,43.7022,-79.3565,200,0.37
AWS,43.7024,-79.3875,166,0.3
FCFS38,43.7025,-79.4383,195,0.36
AWS,43.7025,-79.4381,196,0.36
BRS,43.7025,-79.4381,197,0.36
PCS,43.7025,-79.4381,198,0.36
CELL,43.7025,-79.4381,199,0.37
PCS,43.7025,-79.3744,170,0.31
MBS,43.7025,-79.3742,172,0.32
PCS,43.7025,-79.3424,185,0.34
BRS,43.7025,-79.3424,187,0.34
PCS,43.7025,-79.3424,192,0.35
AWS,43.7028,-79.3742,169,0.31
AWS,43.7031,-79.2981,163.9,0.3
PCS,43.7031,-79.2981,168,0.31
CELL,43.7031,-79.2981,170,0.31
AWS,43.7033,-79.4128,214,0.39
CELL,43.7033,-79.4125,207,0.38
MBS,43.7033,-79.4125,209,0.38
PCS,43.7033,-79.4125,214,0.39
AWS,43.7036,-79.345,143.1,0.26
AWS,43.7036,-79.2794,186,0.34
AWS,43.7036,-79.2775,106,0.19
MBS,43.7042,-79.4536,198,0.36
BWA24,43.7044,-79.3983,232,0.43
PCS,43.7044,-79.34,182,0.33
AWS,43.7044,-79.34,183,0.34
CELL,43.7044,-79.34,185,0.34
PCS,43.7047,-79.4933,203.6,0.37
AWS,43.7047,-79.3981,187,0.34
AWS,43.7047,-79.3483,162,0.3
PCS,43.7049,-79.4392,192,0.35
AWS,43.705,-79.3606,260,0.48
AWS,43.7053,-79.5036,169,0.31
AWS,43.7054,-79.3122,123,0.23
AWS,43.7055,-79.4028,183,0.34
PCS,43.7055,-79.4028,185,0.34
AWS,43.7056,-79.4897,171,0.31
CELL,43.7056,-79.4897,173,0.32
PCS,43.7056,-79.4897,174,0.32
AWS,43.7056,-79.4267,213,0.39
WBS,43.7056,-79.3977,337,0.62
PCS,43.7057,-79.4268,216,0.4
BRS,43.7057,-79.4268,217,0.4
BWA24,43.7058,-79.47,177,0.32
BWA24,43.7058,-79.4008,159,0.29
MBS,43.7058,-79.3983,225.8,0.41
PCS,43.7062,-79.4183,182,0.33
AWS,43.7067,-79.3956,208,0.38
AWS,43.7069,-79.3919,203.3,0.37
AWS,43.7069,-79.2947,160,0.29
AWS,43.7071,-79.3987,167,0.31
AWS,43.7071,-79.3968,206,0.38
PCS,43.7071,-79.3968,207,0.38
MBS,43.7072,-79.4803,222.9,0.41
AWS,43.7072,-79.3966,164,0.3
MBS,43.7075,-79.4003,234.3,0.43
AWS,43.7078,-79.3444,229,0.42
AWS,43.7081,-79.5044,168,0.31
AWS,43.7083,-79.4106,195,0.36
BRS,43.7083,-79.4106,196,0.36
PCS,43.7083,-79.4106,198,0.36
CELL,43.7083,-79.3108,145,0.27
AWS,43.7083,-79.3108,145.3,0.27
BRS,43.7083,-79.3108,147,0.27
PCS,43.7086,-79.4783,193,0.35
CELL,43.7086,-79.4783,200,0.37
AWS,43.7086,-79.39,193,0.35
CELL,43.7086,-79.39,195,0.36
PCS,43.7086,-79.39,196,0.36
BRS,43.7086,-79.3225,118,0.22
FCFS38,43.7086,-79.3111,148,0.27
FCFS38,43.7088,-79.4794,200,0.37
AWS,43.7089,-79.4794,199,0.37
MBS,43.7089,-79.3978,198,0.36
AWS,43.7089,-79.39,192,0.35
MBS,43.7089,-79.3883,202.2,0.37
MBS,43.7102,-79.5119,159,0.29
CELL,43.7102,-79.5119,161,0.3
FCFS38,43.7102,-79.3799,187,0.34
AWS,43.7103,-79.3983,188,0.34
AWS,43.7103,-79.38,192,0.35
AWS,43.7103,-79.3783,176.5,0.32
MBS,43.7103,-79.3783,176.5,0.32
PCS,43.7105,-79.3786,28,0.05
FWA,43.7105,-79.3786,180.9,0.33
FWA,43.7105,-79.3786,181,0.33
BRS,43.7106,-79.2967,158,0.29
AWS,43.7107,-79.5057,157,0.29
CELL,43.7107,-79.5057,163,0.3
PCS,43.7108,-79.3983,205,0.38
CELL,43.7108,-79.3983,207,0.38
MBS,43.7108,-79.3983,209,0.38
PCS,43.7108,-79.3983,212,0.39
PCS,43.7111,-79.4661,161.5,0.3
AWS,43.7111,-79.3975,191.1,0.35
MBS,43.7111,-79.2706,190,0.35
RAC,43.7114,-79.3497,202,0.37
AWS,43.7118,-79.3578,136,0.25
AWS,43.7119,-79.3931,192.8,0.35
CELL,43.7122,-79.2844,173,0.32
AWS,43.7122,-79.2844,175,0.32
BRS,43.7123,-79.2709,189,0.35
CELL,43.7123,-79.2709,191,0.35
BRS,43.7125,-79.4433,198.2,0.36
BWA24,43.7125,-79.3494,131,0.24
AWS,43.7125,-79.2711,172,0.32
RAC,43.7125,-79.2581,166,0.3
RAC,43.7125,-79.2578,181,0.33
AWS,43.7125,-79.2481,198,0.36
CELL,43.7125,-79.2475,214,0.39
PCS,43.7125,-79.2475,216,0.4
PCS,43.7125,-79.2475,223,0.41
AWS,43.7128,-79.3942,253,0.46
BWA24,43.7128,-79.3514,131,0.24
BWA24,43.7128,-79.3136,106,0.19
MBS,43.7128,-79.2472,209.5,0.38
FCFS38,43.713,-79.3662,156,0.29
BWA24,43.7131,-79.4578,185,0.34
MBS,43.7131,-79.455,215.5,0.4
MBS,43.7131,-79.455,221,0.41
CELL,43.7131,-79.455,222,0.41
PCS,43.7131,-79.455,225,0.41
MBS,43.7131,-79.3661,156.2,0.29
AWS,43.7131,-79.3661,162,0.3
PCS,43.7131,-79.3248,150,0.28
BRS,43.7131,-79.3248,153,0.28
AWS,43.7133,-79.4553,218,0.4
FCFS38,43.7133,-79.455,214,0.39
AWS,43.7133,-79.3661,164,0.3
PCS,43.7133,-79.3661,166,0.3
RAC,43.7133,-79.2578,145,0.27
PCS,43.7135,-79.3921,191,0.35
RAC,43.7139,-79.3486,124,0.23
BRS,43.7139,-79.3156,106,0.19
PCS,43.7148,-79.4509,358,0.66
MBS,43.715,-79.3306,200.2,0.37
RAC,43.715,-79.2556,178,0.33
RAC,43.715,-79.2556,204,0.37
MBS,43.7153,-79.3578,142.6,0.26
AWS,43.7154,-79.3579,135,0.25
FCFS38,43.7155,-79.3046,174,0.32
AWS,43.7156,-79.3047,176,0.32
AWS,43.7158,-79.5097,167,0.31
AWS,43.7158,-79.3361,168,0.31
AWS,43.7158,-79.3361,179,0.33
BWA24,43.7158,-79.3306,210,0.39
AWS,43.7161,-79.3306,197,0.36
AWS,43.7164,-79.5061,154,0.28
BRS,43.7164,-79.3933,173.7,0.32
AWS,43.7164,-79.3389,131,0.24
AWS,43.7165,-79.3389,246,0.45
RAC,43.7167,-79.3872,202,0.37
AWS,43.7169,-79.4297,229,0.42
AWS,43.7169,-79.3094,162,0.3
CELL,43.717,-79.4441,195,0.36
BWA24,43.7172,-79.4672,186,0.34
AWS,43.7175,-79.3772,168,0.31
PCS,43.718,-79.5104,157,0.29
PCS,43.718,-79.5104,160,0.29
BRS,43.718,-79.5104,162,0.3
PCS,43.718,-79.5104,165,0.3
AWS,43.7181,-79.4011,192,0.35
PCS,43.7181,-79.3286,144,0.26
AWS,43.7181,-79.3286,148,0.27
BWA24,43.7183,-79.4692,150,0.28
FCFS38,43.7183,-79.3298,149,0.27
PCS,43.7185,-79.4456,183,0.34
CELL,43.7186,-79.43,202,0.37
AWS,43.7186,-79.43,205,0.38
MBS,43.7189,-79.4289,207,0.38
PCS,43.7189,-79.3019,197,0.36
MBS,43.7189,-79.3019,198,0.36
PCS,43.7189,-79.3019,199,0.37
CELL,43.7195,-79.3374,196,0.36
AWS,43.7195,-79.3374,198,0.36
MBS,43.7203,-79.2389,209.7,0.38
PCS,43.7204,-79.339,145,0.27
MBS,43.7205,-79.4825,190,0.35
CELL,43.7205,-79.4825,192,0.35
FCFS38,43.7205,-79.2391,209,0.38
AWS,43.7206,-79.2392,205,0.38
PCS,43.7209,-79.5125,6,0.01
PCS,43.7211,-79.2392,206,0.38
MBS,43.7214,-79.3747,172.3,0.32
PCS,43.7214,-79.3747,176,0.32
AWS,43.7217,-79.375,187,0.34
MBS,43.7219,-79.5078,163,0.3
MBS,43.7219,-79.3356,162.5,0.3
FCFS38,43.722,-79.4309,211,0.39
PCS,43.7221,-79.3015,168,0.31
MBS,43.7222,-79.4861,186.7,0.34
AWS,43.7222,-79.4314,212,0.39
AWS,43.7222,-79.4136,194,0.36
MBS,43.7222,-79.4136,196.8,0.36
FCFS38,43.7223,-79.4137,196,0.36
CELL,43.7223,-79.4136,26,0.05
AWS,43.7223,-79.4136,28,0.05
PCS,43.7225,-79.4814,187,0.34
PCS,43.7225,-79.3411,141,0.26
RAC,43.7225,-79.3222,85,0.16
AWS,43.723,-79.4665,207,0.38
CELL,43.723,-79.4665,210,0.39
FWA,43.723,-79.4665,216.7,0.4
FWA,43.723,-79.4665,217,0.4
PCS,43.723,-79.4665,218,0.4
PCS,43.7231,-79.4956,183,0.34
BRS,43.7231,-79.4956,186,0.34
CELL,43.7231,-79.4956,188,0.34
MBS,43.7231,-79.2894,175.5,0.32
BWA24,43.7233,-79.3478,122,0.22
MBS,43.7236,-79.4022,204,0.37
FCFS38,43.7237,-79.4023,198,0.36
FCFS38,43.7237,-79.4023,203,0.37
AWS,43.7238,-79.2997,3,0.01
CELL,43.7239,-79.2549,191,0.35
PCS,43.7239,-79.2549,193,0.35
AWS,43.7242,-79.5122,183,0.34
WBS,43.7242,-79.5108,222,0.41
PCS,43.7242,-79.4883,232,0.43
PCS,43.7245,-79.4864,176,0.32
AWS,43.7247,-79.4939,190,0.35
MBS,43.7247,-79.4303,203.1,0.37
MBS,43.7247,-79.275,199.2,0.37
BRS,43.7248,-79.2753,181,0.33
CELL,43.7248,-79.2753,183,0.34
MBS,43.7248,-79.2753,184,0.34
CELL,43.725,-79.4489,205,0.38
PCS,43.725,-79.4489,209,0.38
MBS,43.725,-79.4489,215.1,0.39
PCS,43.7253,-79.4528,187,0.34
AWS,43.7256,-79.4028,191,0.35
PCS,43.7256,-79.4025,183,0.34
CELL,43.7256,-79.4025,192,0.35
MBS,43.7256,-79.4025,194,0.36
BWA24,43.7256,-79.3486,127,0.23
BWA24,43.7256,-79.3411,117,0.21
AWS,43.7258,-79.4811,210,0.39
MBS,43.7258,-79.4589,225,0.41
BWA24,43.7258,-79.3489,144,0.26
MBS,43.7258,-79.3489,147.8,0.27
BWA24,43.7258,-79.3489,195,0.36
BWA24,43.7258,-79.2925,165,0.3
PCS,43.7261,-79.4543,191,0.35
MBS,43.7261,-79.3125,175.4,0.32
AWS,43.7261,-79.3036,177,0.32
BWA24,43.7261,-79.28,165,0.3
BWA24,43.7261,-79.2783,10,0.02
CELL,43.7262,-79.2318,201,0.37
PCS,43.7262,-79.2318,205,0.38
CELL,43.7264,-79.4862,224,0.41
BRS,43.7264,-79.4862,227,0.42
AWS,43.7265,-79.3128,148,0.27
BRS,43.7266,-79.4553,214,0.39
CELL,43.7266,-79.4553,215,0.39
PCS,43.7266,-79.4553,216,0.4
AWS,43.7266,-79.4553,223,0.41
AWS,43.7266,-79.3312,3,0.01
BRS,43.7266,-79.2877,193,0.35
CELL,43.7266,-79.2877,196,0.36
WBS,43.727,-79.3249,269,0.49
CELL,43.7272,-79.3318,164,0.3
MBS,43.7275,-79.3808,179,0.33
CELL,43.7275,-79.2975,163,0.3
MBS,43.7275,-79.2514,218.6,0.4
AWS,43.7275,-79.2511,232,0.43
CELL,43.7278,-79.2969,196,0.36
BRS,43.7278,-79.2969,198,0.36
PCS,43.7278,-79.2969,200,0.37
PCS,43.7278,-79.2969,212,0.39
AWS,43.7281,-79.4178,195,0.36
MBS,43.7281,-79.2969,311.7,0.57
AWS,43.7283,-79.3238,190,0.35
CELL,43.7283,-79.3238,192,0.35
CELL,43.7283,-79.3238,192,0.35
PCS,43.7283,-79.3238,193,0.35
AWS,43.7286,-79.3811,179,0.33
PCS,43.7286,-79.3286,139,0.26
PCS,43.729,-79.3388,135,0.25
AWS,43.7294,-79.4586,215,0.39
MBS,43.73,-79.3322,166,0.3
CELL,43.7301,-79.5098,203,0.37
BRS,43.7301,-79.5098,205,0.38
CELL,43.7301,-79.4191,180,0.33
CELL,43.7302,-79.3411,157,0.29
BRS,43.7302,-79.3411,159,0.29
FCFS38,43.7302,-79.3321,162,0.3
MBS,43.7303,-79.4833,197,0.36
MBS,43.7303,-79.4189,187.2,0.34
MBS,43.7303,-79.4036,178.5,0.33
AWS,43.7303,-79.3322,173,0.32
CELL,43.7304,-79.4333,220,0.4
BRS,43.7304,-79.4333,222,0.41
AWS,43.7308,-79.4397,234,0.43
PCS,43.7308,-79.355,168,0.31
BRS,43.7308,-79.355,170,0.31
CELL,43.7308,-79.355,172,0.32
MBS,43.7314,-79.5111,162.5,0.3
CELL,43.7317,-79.2781,191,0.35
PCS,43.7317,-79.2781,193,0.35
PCS,43.7317,-79.2781,194,0.36
FCFS38,43.7317,-79.2779,191,0.35
MBS,43.7317,-79.2778,185.3,0.34
AWS,43.7317,-79.2778,196,0.36
BWA24,43.7319,-79.4525,10,0.02
CELL,43.7322,-79.4603,206,0.38
MBS,43.7322,-79.4431,204.5,0.38
BRS,43.7325,-79.3683,166,0.3
AWS,43.7333,-79.4039,185,0.34
CELL,43.7334,-79.4039,188,0.34
AWS,43.7339,-79.3492,175,0.32
FCFS38,43.7339,-79.3489,168,0.31
AWS,43.7344,-79.3978,161,0.3
MBS,43.7344,-79.3803,158,0.29
MBS,43.7345,-79.3811,177,0.32
PCS,43.7345,-79.3811,178,0.33
CELL,43.7345,-79.3811,179,0.33
MBS,43.7345,-79.3811,180,0.33
BRS,43.7345,-79.3811,182,0.33
FCFS38,43.7345,-79.3806,175,0.32
FCFS38,43.7346,-79.4452,206,0.38
CELL,43.7347,-79.4452,210,0.39
MBS,43.7353,-79.4331,200,0.37
MBS,43.7353,-79.2686,191.9,0.35
AWS,43.7356,-79.2686,196,0.36
MBS,43.7358,-79.2561,226.5,0.42
MBS,43.736,-79.2852,190,0.35
CELL,43.736,-79.2852,192,0.35
BRS,43.736,-79.2852,194,0.36
PCS,43.736,-79.2852,196,0.36
AWS,43.7361,-79.2564,218,0.4
MBS,43.7364,-79.3442,166.9,0.31
MBS,43.7367,-79.4719,207,0.38
AWS,43.7367,-79.4356,215,0.39
CELL,43.7369,-79.2583,206,0.38
MBS,43.7369,-79.2583,208,0.38
BRS,43.7369,-79.2583,209,0.38
CELL,43.7372,-79.3431,178,0.33
PCS,43.7372,-79.3431,180,0.33
AWS,43.7375,-79.5114,190,0.35
AWS,43.7376,-79.4346,199,0.37
PCS,43.7386,-79.3558,182.5,0.33
CELL,43.7392,-79.4269,213,0.39
AWS,43.7392,-79.4269,216,0.4
BRS,43.7392,-79.4269,218,0.4
PCS,43.7392,-79.4269,219,0.4
PCS,43.7394,-79.4739,212,0.39
BWA24,43.7397,-79.4192,178,0.33
PCS,43.7397,-79.2394,199.8,0.37
MBS,43.7399,-79.2394,204,0.37
CELL,43.7399,-79.2394,206,0.38
PCS,43.7399,-79.2394,212,0.39
FCFS38,43.7403,-79.4227,225,0.41
MBS,43.7403,-79.4225,223.9,0.41
AWS,43.7403,-79.4225,229,0.42
BRS,43.7403,-79.3098,193,0.35
CELL,43.7403,-79.3098,196,0.36
AWS,43.7404,-79.4797,210,0.39
CELL,43.7404,-79.4797,212,0.39
PCS,43.7404,-79.4797,214,0.39
CELL,43.7404,-79.4226,230,0.42
PCS,43.7404,-79.4226,232,0.43
MBS,43.7406,-79.3283,161.1,0.3
AWS,43.7406,-79.31,197,0.36
CELL,43.7407,-79.4055,92,0.17
BRS,43.7407,-79.4055,94,0.17
BWA24,43.7408,-79.315,160,0.29
BRS,43.7409,-79.3278,162,0.3
CELL,43.7409,-79.3278,164,0.3
PCS,43.7409,-79.3278,165,0.3
PCS,43.7411,-79.4797,215,0.39
MBS,43.7411,-79.3106,200,0.37
AWS,43.7411,-79.2417,195,0.36
AWS,43.7414,-79.3292,166,0.3
MBS,43.7417,-79.4536,208.5,0.38
RAC,43.7417,-79.3731,202,0.37
CELL,43.7422,-79.3058,187,0.34
PCS,43.7422,-79.3058,189,0.35
PCS,43.7422,-79.3058,195,0.36
PCS,43.7433,-79.4719,207,0.38
MBS,43.7444,-79.4864,194.5,0.36
PCS,43.7444,-79.4044,160,0.29
AWS,43.7447,-79.49,198,0.36
AWS,43.7447,-79.4062,141,0.26
PCS,43.7448,-79.4063,166,0.3
BWA24,43.7453,-79.2861,177,0.32
CELL,43.7454,-79.2904,182,0.33
PCS,43.7454,-79.2904,184,0.34
BRS,43.7454,-79.2904,188,0.34
BRS,43.7454,-79.2904,188,0.34
CELL,43.7455,-79.4785,208,0.38
PCS,43.7457,-79.4067,145,0.27
MBS,43.7461,-79.4078,155.5,0.29
MBS,43.7467,-79.3464,148.6,0.27
FCFS38,43.7468,-79.4885,207,0.38
AWS,43.7469,-79.5131,214,0.39
AWS,43.7469,-79.4881,209,0.38
CELL,43.7469,-79.4881,210,0.39
PCS,43.7469,-79.4881,212,0.39
PCS,43.7469,-79.4881,218,0.4
AWS,43.7469,-79.3528,164,0.3
AWS,43.7469,-79.2856,219,0.4
MBS,43.7469,-79.285,205,0.38
FCFS38,43.7471,-79.3528,177,0.32
FCFS38,43.7471,-79.2852,203,0.37
FCFS38,43.7471,-79.2852,204,0.37
CELL,43.7476,-79.3541,174,0.32
BRS,43.7476,-79.3541,180,0.33
CELL,43.7477,-79.3841,172,0.32
RAC,43.7478,-79.4772,195,0.36
RAC,43.7478,-79.4772,208,0.38
MBS,43.7478,-79.3839,175,0.32
PCS,43.7481,-79.2739,214,0.39
PCS,43.7481,-79.2739,217,0.4
FCFS38,43.7486,-79.4372,207,0.38
BRS,43.7489,-79.2489,180,0.33
MBS,43.7494,-79.4375,202.7,0.37
BRS,43.7494,-79.3264,210,0.39
BRS,43.7497,-79.4997,168,0.31
AWS,43.7497,-79.2639,199,0.37
FCFS38,43.7507,-79.264,192,0.35
MBS,43.7511,-79.5114,216.2,0.4
BRS,43.7517,-79.3961,182,0.33
PCS,43.7521,-79.3557,18,0.03
AWS,43.7525,-79.4539,216,0.4
CELL,43.7525,-79.3154,207,0.38
MBS,43.7525,-79.315,222,0.41
AWS,43.7528,-79.4381,218,0.4
CELL,43.7528,-79.4103,196,0.36
PCS,43.7528,-79.4103,199,0.37
PCS,43.753,-79.2608,179,0.33
CELL,43.753,-79.2608,181,0.33
BRS,43.7531,-79.4836,212,0.39
CELL,43.7531,-79.4606,217,0.4
AWS,43.7531,-79.4606,219,0.4
BRS,43.7531,-79.4606,221,0.41
MBS,43.7531,-79.4606,223.4,0.41
PCS,43.7531,-79.4606,225,0.41
CELL,43.7535,-79.3612,191,0.35
PCS,43.7535,-79.3612,193,0.35
PCS,43.7535,-79.3612,198,0.36
MBS,43.7536,-79.3619,210,0.39
MBS,43.7536,-79.3618,195,0.36
CELL,43.7536,-79.3618,197,0.36
BRS,43.7536,-79.3618,199,0.37
MBS,43.7536,-79.3608,193.4,0.35
BWA24,43.7536,-79.2722,130,0.24
FCFS38,43.7537,-79.362,194,0.36
MBS,43.7539,-79.265,181.3,0.33
PCS,43.7542,-79.4375,215,0.39
BRS,43.7542,-79.4375,218,0.4
MBS,43.7542,-79.4078,201.5,0.37
PCS,43.7542,-79.3894,136,0.25
CELL,43.7542,-79.3339,168,0.31
PCS,43.7542,-79.3339,171,0.31
MBS,43.7544,-79.3333,226.3,0.42
AWS,43.7544,-79.3331,200,0.37
BWA24,43.7544,-79.2883,159,0.29
FCFS38,43.7545,-79.3333,238,0.44
BWA24,43.7547,-79.4847,10,0.02
AWS,43.7547,-79.3614,201,0.37
BWA24,43.7547,-79.3469,183,0.34
AWS,43.7549,-79.2899,194,0.36
CELL,43.7549,-79.2899,196,0.36
PCS,43.755,-79.2436,175,0.32
AWS,43.7553,-79.2439,178,0.33
CELL,43.7556,-79.3471,157,0.29
PCS,43.7556,-79.3471,159,0.29
PCS,43.7556,-79.3471,161,0.3
AWS,43.7556,-79.3471,162,0.3
MBS,43.7558,-79.2497,195.3,0.36
PCS,43.7558,-79.2469,185,0.34
CELL,43.7558,-79.2408,188,0.34
BRS,43.7558,-79.2408,190,0.35
PCS,43.7558,-79.2408,191,0.35
PCS,43.756,-79.2467,155,0.28
MBS,43.7561,-79.4739,209,0.38
AWS,43.7561,-79.41,205,0.38
CELL,43.7562,-79.2501,187,0.34
AWS,43.7564,-79.4894,221,0.41
CELL,43.7564,-79.2469,84,0.15
BWA24,43.7567,-79.2697,175,0.32
MBS,43.7569,-79.4908,217.4,0.4
PCS,43.7572,-79.3117,48,0.09
PCS,43.7574,-79.4752,93,0.17
BWA24,43.7581,-79.3597,127,0.23
MBS,43.7583,-79.4386,220,0.4
BWA24,43.7583,-79.3008,132,0.24
FCFS38,43.7586,-79.4388,212,0.39
PCS,43.7586,-79.4225,189.9,0.35
BWA24,43.7592,-79.41,243,0.45
PCS,43.7594,-79.41,265,0.49
MBS,43.7594,-79.3497,167,0.31
FCFS38,43.7599,-79.4645,211,0.39
MBS,43.76,-79.4644,210.2,0.39
AWS,43.76,-79.4644,211,0.39
PCS,43.7608,-79.4132,181,0.33
MBS,43.7608,-79.3883,188.5,0.35
MBS,43.7611,-79.5097,211.8,0.39
AWS,43.7611,-79.3914,201,0.37
PCS,43.7611,-79.3628,165,0.3
CELL,43.7611,-79.3628,167,0.31
BRS,43.7611,-79.3628,169,0.31
AWS,43.7612,-79.3918,30,0.06
PCS,43.7612,-79.3918,33,0.06
CELL,43.7612,-79.3918,40,0.07
CELL,43.7613,-79.5104,201,0.37
BRS,43.7613,-79.5104,203,0.37
CELL,43.7614,-79.4131,217,0.4
MBS,43.7614,-79.4128,214.5,0.39
PCS,43.7614,-79.3906,206,0.38
CELL,43.7614,-79.3906,211,0.39
BRS,43.7614,-79.3906,213,0.39
AWS,43.7614,-79.3631,165,0.3
AWS,43.7614,-79.3011,183,0.34
MBS,43.7614,-79.3011,194,0.36
CELL,43.7614,-79.3011,204,0.37
PCS,43.7614,-79.3011,206,0.38
BRS,43.7614,-79.3011,208,0.38
MBS,43.7614,-79.3011,209.6,0.38
PCS,43.7616,-79.466,193,0.35
PCS,43.7616,-79.4108,178,0.33
PCS,43.7616,-79.4108,263,0.48
AWS,43.7617,-79.4131,216,0.4
PCS,43.7617,-79.4081,173,0.32
BWA24,43.7619,-79.4817,204,0.37
BWA24,43.7622,-79.4844,207,0.38
CELL,43.7625,-79.4768,220,0.4
PCS,43.7625,-79.4768,222,0.41
MBS,43.7625,-79.4768,224,0.41
BRS,43.7625,-79.4768,226,0.41
AWS,43.7625,-79.3378,214,0.39
CELL,43.7627,-79.4081,204,0.37
BRS,43.7627,-79.2707,190,0.35
CELL,43.7627,-79.2707,192,0.35
MBS,43.7628,-79.3378,219.4,0.4
FCFS38,43.7629,-79.3379,227,0.42
PCS,43.763,-79.3176,231,0.42
AWS,43.763,-79.3176,235,0.43
CELL,43.763,-79.3176,237,0.43
MBS,43.7631,-79.3192,230.6,0.42
BRS,43.7633,-79.4031,185.9,0.34
PCS,43.7635,-79.4078,173,0.32
AWS,43.7639,-79.4978,228,0.42
PCS,43.7644,-79.4917,230.3,0.42
CELL,43.7644,-79.4917,232,0.43
BRS,43.7644,-79.4917,233,0.43
PCS,43.7644,-79.4917,238,0.44
BWA24,43.7644,-79.2944,177,0.32
CELL,43.7655,-79.4138,262,0.48
PCS,43.7655,-79.4138,265,0.49
AWS,43.7658,-79.5108,226,0.41
PCS,43.7658,-79.3756,206,0.38
AWS,43.7661,-79.4117,257,0.47
CELL,43.7669,-79.3649,174,0.32
PCS,43.7669,-79.3649,176,0.32
PCS,43.7675,-79.3689,92,0.17
MBS,43.7675,-79.2828,221,0.41
PCS,43.7676,-79.4127,171,0.31
MBS,43.7678,-79.4742,219,0.4
BWA24,43.7678,-79.4742,244,0.45
MBS,43.7678,-79.4119,217,0.4
CELL,43.7681,-79.4111,247,0.45
PCS,43.7681,-79.4111,249,0.46
AWS,43.7681,-79.2844,207,0.38
MBS,43.7683,-79.3825,243,0.45
AWS,43.7683,-79.3483,201,0.37
MBS,43.7683,-79.3456,228,0.42
AWS,43.7683,-79.2672,181,0.33
PCS,43.7685,-79.3863,179,0.33
CELL,43.7685,-79.3828,222,0.41
AWS,43.7686,-79.3828,223,0.41
PCS,43.7689,-79.3419,200,0.37
CELL,43.7689,-79.3419,217,0.4
PCS,43.7689,-79.3217,204,0.37
PCS,43.7689,-79.3217,205,0.38
CELL,43.7689,-79.3217,207,0.38
CELL,43.7692,-79.4621,218,0.4
MBS,43.7694,-79.3831,229.8,0.42
MBS,43.7694,-79.3625,173.1,0.32
RAC,43.7694,-79.2939,179,0.33
PCS,43.7695,-79.2848,206,0.38
CELL,43.7695,-79.2848,208,0.38
PCS,43.7696,-79.3331,123,0.23
MBS,43.7696,-79.3028,174,0.32
MBS,43.7696,-79.3028,176,0.32
BRS,43.7696,-79.3028,178,0.33
CELL,43.7696,-79.3028,180,0.33
CELL,43.7697,-79.3831,105,0.19
PCS,43.7697,-79.333,124,0.23
PCS,43.7697,-79.3319,173,0.32
PCS,43.7697,-79.3305,123,0.23
RAC,43.7697,-79.2939,179,0.33
BWA24,43.77,-79.29,171,0.31
CELL,43.7703,-79.2644,194,0.36
BRS,43.7703,-79.2644,199,0.37
PCS,43.7703,-79.2644,308,0.57
MBS,43.7706,-79.2606,202,0.37
MBS,43.7708,-79.4492,225.5,0.41
BWA24,43.7711,-79.3236,181,0.33
CELL,43.7714,-79.5014,228,0.42
PCS,43.7714,-79.5014,229,0.42
BRS,43.7714,-79.5014,230,0.42
MBS,43.7717,-79.3375,215.1,0.39
MBS,43.7719,-79.4142,236.8,0.43
MBS,43.7722,-79.2992,195,0.36
MBS,43.7725,-79.5086,230.5,0.42
MBS,43.7725,-79.5039,237.2,0.44
PCS,43.7725,-79.4519,249,0.46
PCS,43.7725,-79.4519,250,0.46
BWA24,43.7725,-79.3289,248,0.46
WBS,43.7725,-79.3278,253,0.46
AWS,43.7726,-79.3289,116,0.21
MBS,43.7728,-79.4994,214.2,0.39
CELL,43.7728,-79.4431,212,0.39
PCS,43.7728,-79.4431,213,0.39
MBS,43.7728,-79.3311,207.6,0.38
CELL,43.7733,-79.5044,233,0.43
MBS,43.7733,-79.4422,201.6,0.37
BWA24,43.7733,-79.3675,179,0.33
AWS,43.7733,-79.3419,226,0.41
PCS,43.7734,-79.2595,3,0.01
BWA24,43.7736,-79.3358,10,0.02
MBS,43.7736,-79.2542,207.5,0.38
FCFS38,43.7738,-79.2543,205,0.38
CELL,43.774,-79.2543,203,0.37
BRS,43.774,-79.2543,205,0.38
BRS,43.774,-79.2543,291,0.53
MBS,43.7742,-79.4756,245.8,0.45
AWS,43.7742,-79.25,242,0.44
BRS,43.775,-79.3111,194,0.36
AWS,43.7753,-79.5028,230,0.42
MBS,43.7753,-79.2444,190,0.35
AWS,43.7756,-79.4153,227,0.42
CELL,43.7756,-79.2447,183,0.34
PCS,43.7756,-79.2447,189,0.35
MBS,43.7758,-79.415,219,0.4
CELL,43.7758,-79.415,225,0.41
BRS,43.7758,-79.415,226,0.41
PCS,43.7758,-79.415,228,0.42
FWA,43.7759,-79.4151,230,0.42
MBS,43.7761,-79.4919,220.7,0.4
AWS,43.7761,-79.4919,227,0.42
AWS,43.7761,-79.4431,216,0.4
MBS,43.7761,-79.3483,224.3,0.41
MBS,43.7761,-79.3211,235,0.43
CELL,43.7761,-79.2578,171,0.31
AWS,43.7761,-79.2578,183,0.34
BWA24,43.7764,-79.4756,207,0.38
AWS,43.7764,-79.2747,196,0.36